333.i2p,ctvfe2fimcsdfxmzmd42brnbf7ceenwrbroyjx3wzah5eudjyyza
acetone.i2p,tzwfy3dnqtm4wuofmcp3gcb5qjcytri635ei7kw7yrl6n3ul5n2a
animal.i2p,5iedafy32swqq4t2wcmjb4fvg3onscng7ct7wb237jkvrclaftla
azathabar.i2p,v35rwae5zb6fcgd7phzkireghtuen43umi7l5yvahm7ezkqg5uwq
bandura.i2p,n6eqyu6glmtgt544ys43ggrozhpiw7biyrelrvmkmg7llfcjwm4a
blog.torproject.i2p,woelslt2oh4dn5wlxfmpjggyyu6l7ntgk3rngrooldn57x4kduma
ca.i2pd.i2p,u5safmawcxj5vlrdtqrsqbsndkr5cfenpicgg5euu4xqm73yicba
community.torproject.i2p,wmw22z5c24b35hlepzc2g6k3cpcg44rcg46qdwfo5heiplv7m4ca
dist.torproject.i2p,pbhgoronppg7tq3dssnwmhzkbrscbvtmy3d5pmar5hyhnqwjj46q
donate.torproject.i2p,crxdz4n5viyy46upbd4amlzxcinkea7hwj3mkiudrw3nkpnfv42q
flibusta.i2p,zmw2cyw2vj7f6obx3msmdvdepdhnw2ctc4okza2zjxlukkdfckhq
git.community.i2p,giteabolfdejtdzblkooalqei6jr67imiugmhtsh6ocw4hlj5a4q
git.idk.i2p,7qeve4v2chmjdqlwpa3vl7aojf3nodbku7vepnjwrsxljzqipz6a
gostcoin.i2p,4gzcllfxktrqzv3uys5k4vgkzbth4gqednwhfpt755yivm3davuq
hiddenchan.i2p,6y4tltjdgqwfdcz6tqwc7dxhhuradop2vejatisu64nwjzh5tuwa
hotline.i2p,6cczi27iuxkm3aivazaemzltdqgh42ljzurqp43uclbz2lid2uqq
hq.postman.i2p,7ewjvbcwgah57n64cwbsxqai7eutqofkesuxfsuhfheijivdjqra
i2p-projekt.i2p,udhdrtrcetjm5sxzskjyr5ztpeszydbh4dpl3pl4utgqqw2v4jna
i2pd.i2p,4bpcp4fmvyr46vb4kqjvtxlst6puz4r3dld24umooiy5mesxzspa
i2pforum.i2p,tmipbl5d7ctnz3cib4yd2yivlrssrtpmuuzyqdpqkelzmnqllhda
i2pnews.i2p,tc73n4kivdroccekirco7rhgxdg5f3cjvbaapabupeyzrqwv5guq
identiguy.i2p,3mzmrus2oron5fxptw7hw2puho3bnqmw2hqy7nw64dsrrjwdilva
ilita.i2p,isxls447iuumsb35pq5r3di6xrxr2igugvshqwhi5hj5gvhwvqba
inr.i2p,joajgazyztfssty4w2on5oaqksz6tqoxbduy553y34mf4byv6gpq
irc.acetone.i2p,qyzbrdw26ejjdjzsrcmq5h3ggdzk6cq5xynrgee5t5q73gq545yq
irc.echelon.i2p,ez2czsvej5p3z5bquue5q3thujcodfze7ptybctqhnqc7hms5uzq
irc.ilita.i2p,5xeoyfvtddmo5k3kxzv7b3d5risil6333ntqrr3yvx3yubz5tk3a
irc.postman.i2p,hhcy7zznltay2tzwdvtd37g2inptemz3hk5zmxyi57d3sxgxbseq
irc.r4sas.i2p,hodhusp73gltozgrnianlbploon3rrvhrzfn5mf2g46o7aaau5la
isitup.i2p,xk6ypey2az23vtdkitjxvanlshztmjs2ekd6sp77m4obszf6ocfq
k1773r.i2p,zam7u6vslhemddz347uusuzjdk5wma4h5hcmcqlng4ybbpdbjhnq
kislitsa.i2p,khceo3smaxtng2tnuicmcbhdnkk2j6myi4nkigcux76qh3aabdhq
knijka.i2p,knjkodsakcxihwk5w5new76hibywia5zqcgoqgjttzsausnd22oa
legwork.i2p,cuss2sgthm5wfipnnztrjdvtaczb22hnmr2ohnaqqqz3jf6ubf3a
major.i2p,majorwsiehucyqfqbw3g2on3xqq2pwrwdd6hhyludqqr6ct7xdoa
mtproxy.ilita.i2p,vxxfipsygx6jpz57pmb3d3mjgsk5ls2idxeo2bffs3yp62muyq7q
mumble.acetone.i2p,plpu63ftpi5wdr42ew7thndoyaclrjqmcmngu2az4tahfqtfjoxa
notbob.i2p,nytzrhrjjfsutowojvxi7hphesskpqqr65wpistz6wa7cpajhp7a
nvspc.i2p,anlncoi2fzbsadbujidqmtji7hshfw3nrkqvbgdleepbxx3d5xra
obmen.i2p,vodkv54jaetjw7q2t2iethc4cbi4gjdrmw2ovfmr43mcybt7ekxa
opentracker.dg2.i2p,w7tpbzncbcocrqtwwm3nezhnnsw4ozadvi2hmvzdhrqzfxfum7wa
opentracker.r4sas.i2p,punzipidirfqspstvzpj6gb4tkuykqp6quurj6e23bgxcxhdoe7q
password.i2p,knmjkeabbhudejkikbzhhjqsb4r77o45vkdhve6d254quttfx3wa
pizdabol.i2p,5vik2232yfwyltuwzq7ht2yocla46q76ioacin2bfofgy63hz6wa
planet.i2p,pztcztaklof7s4me2vgtdddzesnunvk55zke6oz5e77ci3qk64yq
pomoyka.i2p,omt56v4jxa4hurbwk44vqbbcwn3eavuynyc24c25cy7grucjh24q
pool.gostcoin.i2p,m4f4k3eeaj7otbc254ccj7d5hivguqgnohwelkibr4ddk43qhywa
pop.postman.i2p,i7vd76psp3oyocljiqkoyz7fpr4fy2xq2asclf7qih6k57aj5xrq
privatebin.i2p,e7qy5kc7ivqtnrbdn5ymx5nmbdedlrjkdchqmmkhud4ockrime5a
r4sas.i2p,2gafixvoztrndawkmhfxamci5lgd3urwnilxqmlo6ittu552cndq
radio.r4sas.i2p,cv72xsje5ihg6e24atitmhyk2cbml6eggi6b6fjfh2vgw62gdpla
radioliberty.i2p,libertyx5gywnmn4snrr2fborvugmthl2x5vf3rh43v3744kmpwa
reg.i2p,shx5vqsw7usdaunyzr2qmes2fq37oumybpudrd4jjj4e4vk4uusa
repo.i2pd.i2p,ymzx5zgt6qzdg6nhxnecdgbqjd34ery6mpqolnbyo5kcwxadnodq
repo.r4sas.i2p,ymzx5zgt6qzdg6nhxnecdgbqjd34ery6mpqolnbyo5kcwxadnodq
rus.azathabar.i2p,6gp6ykan6ovr7p6dln56msvmdk6nrtvzoypz5dbhkkt4bdnryjna
rutor.i2p,rutorktnoonk3t4sxmv6g5rj6mzsilfwxcplvfybemssjrva663q
sharefile.i2p,o7jgnp7bubzdn7mxfqmghn3lzsjtpgkbnpjjsn6ddevqbchz3rta
skank.i2p,qiii4iqrj3fwv4ucaji2oykcvsob75jviycv3ghw7dhzxg2kq53q
smtp.postman.i2p,3nrunsrgeo6grhx6y6vsx7vibm5vabtockdbys3sqdmj6vha7k5q
sportloto.i2p,sportloto4cqlq6uhzzvgsgd7rcsfu6mqtk7wp6zmzqwcpflbsdq
stats.i2p,kqypgjpjwrphnzebod5ev3ts2vtii6e5tntrg4rnfijqc7rypldq
support.torproject.i2p,6r7j6jlbrxb35k32zktopvr3w3pidm2baymwol33hq7xmy2sqm3a
tahoeserve.i2p,yhs7tsjeznxdenmdho5gjmk755wtredfzipb5t272oi5otipfkoa
telegram.i2p,i6jow7hymogz2s42xq62gqgej2zdm4xtnmpc6vjcwktdxpdoupja
torproject.i2p,torprojaxvxevo4c5qvor3ywgasxkubs5ukazrpq3qcxed6lgbrq
tracker2.postman.i2p,6a4kxkg5wp33p25qqhgwl6sj4yh4xuf5b3p3qldwgclebchm3eea
tv.i2p,znccrkhtgz4wqceyofwsqdsraqhdtteqzrag53lgmp6rhkutuy6q
walker.i2p,5vik2232yfwyltuwzq7ht2yocla46q76ioacin2bfofgy63hz6wa
web.telegram.i2p,re6cgwg2yrkgaixlqvt5ufajbb3w42fsldlq7k5brpvnd5gp6x5a
wiki.i2p-projekt.i2p,b2rpg7xtzwwfvtorfkrc3m7h222qbobnklra7g4oqhfjx64k2voa
wiki.ilita.i2p,r233yskmowqe4od4he4b37wydr5fqzvj3z77v5fdei2etp2kg34a
xeha.i2p,oartgetziabrdemxctowp7bbeggc7ktmj7tr4qgk5y5jcz4prbtq
yggdrasil.acetone.i2p,tlfhgwzn4v5nlm2or5uy4leqmjbl5bncgcopbqnmcr4hbk3zrvqq
zeronet.i2p,fe6pk5sibhkr64veqxkfochdfptehyxrrbs3edwjs5ckjbjn4bna
zzz.i2p,lhbd7ojcaiofbfku7ixh47qj537g572zmhdc4oilvugzxdpdghua
